resid,rmsf_A
12,6.037
13,4.870
14,4.641
15,6.117
16,5.907
17,6.128
18,6.137
19,5.989
20,5.520
21,5.371
22,5.492
23,5.290
24,5.023
25,5.183
26,5.335
27,5.262
28,5.290
29,5.662
30,5.978
31,6.127
32,6.442
33,7.167
34,8.291
35,9.516
36,11.172
37,12.677
49,11.582
50,9.716
51,8.520
52,7.930
53,7.315
54,7.190
55,7.524
56,5.610
57,4.109
58,3.594
59,3.149
60,3.082
61,2.988
62,3.456
63,3.706
64,3.908
65,4.446
66,5.510
67,6.008
68,5.411
69,4.922
70,4.672
71,4.169
72,4.220
73,4.187
74,3.880
75,3.199
76,3.137
77,2.785
78,2.730
79,2.437
80,2.422
81,3.262
82,3.224
83,3.568
84,3.633
85,3.997
86,3.973
87,4.028
88,3.880
89,3.437
90,3.449
91,2.693
92,2.450
93,2.211
94,2.236
95,2.187
96,2.562
97,3.021
98,4.010
99,4.173
100,3.851
101,3.060
102,2.648
103,2.313
104,2.247
105,1.999
106,2.192
107,2.449
108,2.585
109,2.806
110,2.524
111,2.396
112,2.361
113,1.983
114,1.998
115,2.150
116,2.322
117,2.432
118,2.151
119,1.935
120,1.672
121,1.617
122,1.697
123,1.627
124,1.444
125,1.488
126,1.556
127,1.464
128,1.394
129,1.533
130,1.565
131,1.624
132,1.614
133,1.417
134,1.350
135,1.402
136,1.325
137,1.198
138,1.248
139,1.277
140,1.193
141,1.159
142,1.210
143,1.227
144,1.170
145,1.160
146,1.239
147,1.267
148,1.212
149,1.187
150,1.311
151,1.710
152,1.724
153,1.686
154,1.712
155,1.913
156,1.973
157,1.874
158,1.890
159,1.703
160,1.514
161,1.459
162,1.527
163,1.445
164,1.283
165,1.365
166,1.420
167,1.265
168,1.229
169,1.396
170,1.348
171,1.264
172,1.370
173,1.410
174,1.367
175,1.380
176,1.439
177,1.493
178,1.463
179,1.528
180,1.569
181,1.747
182,2.180
183,2.603
184,2.472
185,2.376
186,1.969
187,1.560
188,1.399
189,1.449
190,1.525
191,1.383
192,1.354
193,1.263
194,1.285
195,1.366
196,1.324
197,1.279
198,1.408
199,1.484
200,1.407
201,1.505
202,1.628
203,1.597
204,1.637
205,1.827
206,1.838
207,1.915
208,2.272
209,2.736
210,2.924
211,3.024
212,3.096
213,3.546
214,3.837
215,3.477
216,2.699
217,1.902
218,1.594
219,1.331
220,1.346
221,1.349
222,1.296
223,1.239
224,1.265
225,1.247
226,1.196
227,1.247
228,1.129
229,1.101
230,1.090
231,1.186
232,1.291
233,1.191
234,1.178
235,1.160
236,1.026
237,1.019
238,1.076
239,1.017
240,1.006
241,1.099
242,1.128
243,1.077
244,1.126
245,1.241
246,1.231
247,1.183
248,1.239
249,1.250
250,1.188
251,1.341
252,1.253
253,1.103
254,1.146
255,1.138
256,1.067
257,1.018
258,1.065
259,1.075
260,1.045
261,1.037
262,1.052
263,1.050
264,1.005
265,0.999
266,1.057
267,1.057
268,1.064
269,1.118
270,1.148
271,1.114
272,1.093
273,1.145
274,1.241
275,1.188
276,1.103
277,1.114
278,1.253
279,1.363
280,1.533
281,1.730
282,2.104
283,2.435
284,2.622
285,3.101
286,3.381
287,4.359
288,5.540
289,6.356
290,5.200
291,4.390
292,3.743
293,3.473
294,2.993
295,3.151
296,2.983
297,3.478
298,3.895
299,3.520
300,3.411
301,3.125
302,3.407
303,3.073
304,2.604
305,2.551
306,2.704
307,2.374
308,2.052
309,2.414
310,2.489
311,2.322
312,2.443
313,2.092
314,1.768
315,1.809
316,1.956
317,2.201
318,2.797
319,3.277
320,2.800
321,2.527
322,2.026
323,1.703
324,1.711
325,1.670
326,1.863
327,2.047
328,2.591
329,2.896
330,3.179
331,4.224
332,5.266
333,4.626
334,3.189
335,2.479
336,2.651
337,2.962
338,2.825
339,2.171
340,1.855
341,1.692
342,1.564
343,1.329
344,1.349
345,1.376
346,1.397
347,1.470
348,1.378
349,1.260
350,1.398
351,1.297
352,1.092
353,1.021
354,1.040
355,1.054
356,1.123
357,1.129
358,1.093
359,1.120
360,1.057
361,0.991
362,0.992
363,0.989
364,0.955
365,0.961
366,0.973
367,0.932
368,0.946
369,1.008
370,0.992
371,0.979
372,0.884
373,0.955
374,0.901
375,0.986
376,1.028
377,1.002
378,0.987
379,1.088
380,1.119
381,1.092
382,1.146
383,1.186
384,1.277
385,1.550
386,1.595
387,1.526
388,1.426
389,1.179
390,1.096
391,1.077
392,1.024
393,0.988
394,0.999
395,0.994
396,0.970
397,0.972
398,1.015
399,1.247
400,1.593
401,1.749
402,1.441
403,1.040
404,1.043
405,0.999
406,0.966
407,1.010
408,0.980
409,0.974
410,1.067
411,1.114
412,1.049
413,1.179
414,1.334
415,1.225
416,1.200
417,1.392
418,1.454
419,1.383
420,1.498
421,1.717
422,1.814
423,1.869
424,2.067
425,2.272
426,2.427
427,2.655
428,2.898
429,3.100
430,3.595
431,4.068
432,4.388
433,6.101
681,14.214
682,12.798
683,12.767
684,11.531
685,10.611
686,9.783
687,7.921
688,7.844
689,7.949
690,6.959
691,5.826
692,6.119
693,6.421
694,5.833
695,5.429
696,5.678
697,6.070
698,4.945
699,5.454
700,5.536
701,5.856
702,4.462
703,3.425
704,3.078
705,2.815
706,2.611
707,2.650
708,2.705
709,2.530
710,2.318
711,2.652
712,2.863
713,2.874
714,2.615
715,2.490
716,2.196
717,2.069
718,1.935
719,1.730
720,1.595
721,1.597
722,1.527
723,1.353
724,1.335
725,1.359
726,1.269
727,1.177
728,1.221
729,1.236
730,1.171
731,1.154
732,1.200
733,1.235
734,1.174
735,1.138
736,1.235
737,1.258
738,1.239
739,1.355
740,1.642
741,1.619
742,1.887
743,2.001
744,2.063
745,1.842
746,1.772
747,1.905
748,1.815
749,1.576
750,1.661
751,1.754
752,1.524
753,1.400
754,1.580
755,1.526
756,1.317
757,1.395
758,1.557
759,1.450
760,1.352
761,1.565
762,1.667
763,1.553
764,1.560
765,1.775
766,1.883
767,1.755
768,1.823
769,2.157
770,2.227
771,2.017
772,2.105
773,2.139
774,2.184
775,1.984
776,1.757
777,1.868
778,1.939
779,1.867
780,1.391
781,1.300
782,1.408
783,1.371
784,1.218
785,1.343
786,1.491
787,1.376
788,1.370
789,1.708
790,1.763
791,1.549
792,1.800
793,2.180
794,2.063
795,1.988
796,2.475
797,2.642
798,2.380
799,2.667
800,2.974
801,2.657
802,2.609
803,3.099
804,2.100
805,1.596
806,1.527
807,1.356
808,1.326
809,1.176
810,1.152
811,1.123
812,1.070
813,1.096
814,1.164
815,1.119
816,1.025
817,1.117
818,1.059
819,1.027
820,1.219
821,1.408
822,1.107
823,1.136
824,1.023
825,0.916
826,0.972
827,0.984
828,0.875
829,0.907
830,0.989
831,0.933
832,0.911
833,0.985
834,0.991
835,1.019
836,1.168
837,1.136
838,1.165
839,1.020
840,1.022
841,0.997
842,0.928
843,0.943
844,0.958
845,0.963
846,0.943
847,0.940
848,0.987
849,1.031
850,0.942
851,0.955
852,1.034
853,0.993
854,0.989
855,1.047
856,1.147
857,1.171
858,1.173
859,1.242
860,1.317
861,1.392
862,2.083
863,2.157
864,1.522
865,1.715
866,2.326
867,2.649
868,2.849
869,3.927
870,4.374
871,4.082
872,5.513
873,5.485
874,5.032
875,3.571
876,2.338
877,1.454
878,1.093
879,1.025
880,1.317
881,1.526
882,1.410
883,1.254
884,1.064
885,0.985
886,0.955
887,0.931
888,0.878
889,0.858
890,0.855
891,0.887
892,0.897
893,0.866
894,0.899
895,0.993
896,0.971
897,0.995
898,0.850
899,0.904
900,0.955
901,0.933
902,0.924
903,1.064
904,1.118
905,1.101
906,1.250
907,1.586
908,1.514
909,1.353
910,1.350
911,1.402
912,1.216
913,1.300
914,1.281
915,1.060
916,1.024
917,1.177
918,1.086
919,0.968
920,1.020
921,1.078
922,1.020
923,1.037
924,1.126
925,1.186
926,1.212
927,1.129
928,1.019
929,0.914
930,0.907
931,0.962
932,0.944
933,0.886
934,0.878
935,0.967
936,1.022
937,0.954
938,0.992
939,1.141
940,1.154
941,1.192
942,1.528
943,2.744
1162,3.071
1163,2.864
1164,2.648
1165,2.627
1166,3.214
1167,3.626
1168,4.000
1169,3.972
1170,3.778
1171,4.365
1172,4.205
1173,4.820
1174,4.895
1175,4.504
1176,4.237
1177,4.204
1178,4.021
1179,3.900
1180,3.789
1181,3.690
1182,3.612
1183,3.516
1184,3.952
1185,4.028
1186,4.002
1187,3.725
1188,3.410
1189,3.466
1190,3.385
1191,3.031
1192,2.945
1193,3.034
1194,2.806
1195,2.602
1196,2.694
1197,2.687
1198,2.385
1199,2.327
1200,2.486
1201,2.333
1202,2.166
1203,2.277
1204,2.307
1205,2.231
1206,2.236
1207,2.051
1208,1.915
1209,1.965
1210,1.926
1211,1.733
1212,1.744
1213,1.797
1214,1.693
1215,1.598
1216,1.664
1217,1.666
1218,1.566
1219,1.529
1220,1.610
1221,1.581
1222,1.539
1223,1.587
1224,1.717
1225,1.692
1226,2.032
1227,2.159
1228,2.977
1229,2.748
1230,3.125
1231,3.149
1232,2.993
1233,3.001
1234,3.331
1235,2.412
1236,2.512
1237,2.490
1238,2.142
1239,2.072
1240,2.217
1241,2.129
1242,1.899
1243,1.914
1244,2.017
1245,1.952
1246,1.842
1247,1.888
1248,1.985
1249,1.911
1250,1.791
1251,1.937
1252,2.034
1253,1.944
1254,1.931
1255,2.050
1256,2.098
1257,1.980
1258,2.063
1259,2.300
1260,2.254
1261,2.117
1262,2.185
1263,2.098
1264,2.137
1265,2.136
1266,2.035
1267,1.944
1268,1.813
1269,1.547
1270,1.506
1271,1.492
1272,1.487
1273,1.453
1274,1.427
1275,1.482
1276,1.526
1277,1.552
1278,1.565
1279,1.664
1280,1.828
1281,1.801
1282,1.799
1283,2.040
1284,2.170
1285,2.171
1286,2.333
1287,2.575
1288,2.593
1289,2.721
1290,3.026
1291,3.217
1292,3.187
1293,2.973
1294,3.753
1295,3.633
1296,3.910
1297,4.173
1298,3.364
1299,3.215
1300,2.940
1301,2.481
1302,1.703
1303,1.924
1304,1.921
1305,1.491
1306,1.562
1307,1.732
1308,1.463
1309,1.519
1310,1.588
1311,1.356
1312,1.491
1313,1.555
1314,1.490
1315,1.486
1316,1.469
1317,1.481
1318,1.552
1319,1.439
1320,1.385
1321,1.452
1322,1.332
1323,1.195
1324,1.236
1325,1.316
1326,1.304
1327,1.303
1328,1.248
1329,1.330
1330,1.285
1331,1.203
1332,1.133
1333,1.063
1334,1.065
1335,0.997
1336,0.942
1337,0.914
1338,0.940
1339,0.917
1340,0.862
1341,0.873
1342,0.950
1343,0.939
1344,0.878
1345,0.873
1346,0.954
1347,0.954
1348,0.841
1349,0.856
1350,0.915
1351,0.917
1352,0.895
1353,0.961
1354,1.005
1355,0.981
1356,0.974
1357,1.032
1358,1.167
1359,1.150
1360,1.160
1361,1.410
1362,1.534
1363,1.816
1364,2.228
1365,2.741
1366,3.195
1367,3.926
1368,4.766
1369,4.662
1370,4.151
1371,3.447
1372,2.487
1373,2.544
1374,2.949
1375,2.836
1376,3.255
1377,3.082
1378,2.749
1379,2.438
1380,2.376
1381,2.382
1382,2.949
1383,3.006
1384,2.685
1385,3.004
1386,3.506
1387,3.428
1388,3.293
1389,4.095
1390,3.940
1391,3.266
1392,3.134
1393,2.478
1394,2.179
1395,1.814
1396,1.911
1397,1.595
1398,1.504
1399,1.448
1400,1.265
1401,1.074
1402,0.973
1403,1.064
1404,1.051
1405,0.993
1406,1.106
1407,1.048
1408,0.903
1409,0.910
1410,0.947
1411,0.864
1412,0.803
1413,0.880
1414,0.883
1415,0.828
1416,0.878
1417,0.931
1418,0.891
1419,0.965
1420,1.040
1421,0.886
1422,0.895
1423,0.963
1424,0.900
1425,0.884
1426,0.931
1427,0.971
1428,0.992
1429,0.999
1430,1.077
1431,1.199
1432,1.577
1433,1.655
1434,1.873
1435,2.028
1436,1.781
1437,1.634
1438,1.407
1439,1.385
1440,1.234
1441,1.149
1442,1.233
1443,1.148
1444,1.113
1445,1.110
1446,1.001
1447,0.884
1448,0.932
1449,0.849
1450,0.833
1451,0.891
1452,0.884
1453,0.816
1454,0.862
1455,1.080
1456,1.116
1457,0.880
1458,0.840
1459,0.828
1460,0.832
1461,0.867
1462,0.833
1463,0.839
1464,0.874
1465,0.866
1466,0.902
1467,0.977
1468,1.020
1469,1.003
1470,0.999
1471,1.112
1472,1.175
1473,1.132
1474,1.256
1475,1.401
1476,1.358
1477,1.431
1478,1.741
1479,1.814
1480,1.800
1481,2.023
1482,2.198
1483,2.044
1484,1.901
1485,1.386
1486,1.193
1487,1.307
1488,1.476
1489,1.737
1490,1.713
1491,1.489
1492,1.604
1493,1.852
1494,1.670
1495,1.491
1496,1.797
1497,2.072
1498,1.954
1499,1.882
1500,2.319
1501,3.215
1502,2.555
1503,2.276
1504,2.468
1505,2.274
1506,2.114
1507,2.221
1508,1.972
1509,2.190
1510,2.472
1511,2.561
1512,3.041
1513,3.395
1514,3.026
1515,2.839
1516,2.840
1517,2.627
1518,2.373
1519,2.298
1520,2.244
1521,2.032
1522,1.897
1523,1.919
1524,1.863
1525,1.726
1526,1.704
1527,1.732
1528,1.739
1529,1.704
1530,1.508
1531,1.423
1532,1.480
1533,1.444
1534,1.302
1535,1.263
1536,1.333
1537,1.262
1538,1.136
1539,1.189
1540,1.249
1541,1.163
1542,1.114
1543,1.237
1544,1.295
1545,1.223
1546,1.213
1547,1.299
1548,1.295
1549,1.323
1550,1.353
1551,1.544
1552,1.656
1553,1.879
1554,2.014
1555,2.080
1556,1.828
1557,1.724
1558,1.892
1559,1.828
1560,1.589
1561,1.642
1562,1.733
1563,1.586
1564,1.471
1565,1.640
1566,1.647
1567,1.458
1568,1.470
1569,1.635
1570,1.551
1571,1.395
1572,1.593
1573,1.732
1574,1.604
1575,1.668
1576,1.937
1577,1.990
1578,1.958
1579,2.164
1580,2.366
1581,2.315
1582,2.557
1583,2.600
1584,2.927
1585,3.212
1586,3.197
1587,2.956
1588,3.309
1589,3.500
1590,2.679
1591,1.978
1592,1.999
1593,2.088
1594,1.859
1595,1.647
1596,1.889
1597,1.984
1598,1.684
1599,1.788
1600,2.122
1601,1.955
1602,1.794
1603,2.202
1604,2.265
1605,1.862
1606,2.125
1607,2.478
1608,2.136
1609,2.012
1610,2.556
1611,2.554
1612,2.169
1613,2.613
1614,3.080
1615,3.007
1616,2.901
1617,2.180
1618,1.788
1619,1.587
1620,1.612
1621,1.624
1622,1.443
1623,1.275
1624,1.430
1625,1.486
1626,1.303
1627,1.293
1628,1.555
1629,1.575
1630,1.623
1631,1.274
1632,1.129
1633,1.376
1634,1.587
1635,1.320
1636,1.289
1637,1.534
1638,1.567
1639,1.633
1640,1.610
1641,1.659
1642,1.888
1643,1.520
1644,1.625
1645,1.554
1646,1.292
1647,1.348
1648,1.384
1649,1.294
1650,1.125
1651,1.171
1652,1.245
1653,1.161
1654,1.053
1655,1.245
1656,1.174
1657,1.057
1658,1.068
1659,1.072
1660,0.983
1661,1.003
1662,1.112
1663,1.056
1664,0.955
1665,1.010
1666,1.055
1667,1.000
1668,0.943
1669,1.011
1670,1.043
1671,0.957
1672,0.986
1673,1.098
1674,1.119
1675,1.109
1676,1.166
1677,1.279
1678,1.336
1679,1.399
1680,1.504
1681,1.779
1682,1.778
1683,2.309
1684,2.506
1685,3.332
1686,3.772
1687,3.247
1688,2.129
1689,1.644
1690,1.921
1691,1.776
1692,1.391
1693,1.221
1694,1.148
1695,1.302
1696,1.258
1697,1.169
1698,1.182
1699,1.137
1700,1.023
1701,1.081
1702,1.153
1703,1.064
1704,0.972
1705,1.002
1706,1.089
1707,1.073
1708,1.034
1709,1.132
1710,1.426
1711,1.303
1712,1.459
1713,1.343
1714,1.577
1715,1.607
1716,1.412
1717,1.579
1718,1.926
1719,2.013
1720,1.797
1721,2.430
1722,3.019
1723,3.415
1724,3.790
1725,4.237
1726,5.122
1727,4.555
1728,4.255
1729,5.408
1730,6.157
1731,6.704
1732,7.739
1733,9.096
1734,9.772
1735,8.756
1736,8.894
1737,7.857
1738,6.212
1739,4.747
1740,3.849
1741,2.453
1742,2.198
1743,1.930
1744,1.611
1745,1.559
1746,1.424
1747,1.229
1748,1.213
1749,1.165
1750,1.060
1751,0.977
1752,0.959
1753,0.990
1754,0.936
1755,0.864
1756,0.868
1757,0.901
1758,0.884
1759,0.857
1760,0.852
1761,0.844
1762,0.875
1763,0.831
1764,0.842
1765,0.908
1766,0.857
1767,0.857
1768,1.008
1769,1.126
1770,1.017
1771,0.985
1772,1.163
1773,1.171
1774,1.127
1775,1.323
1776,1.486
1777,1.498
1778,1.694
1779,2.073
1780,2.279
1781,3.187
1782,4.149
1783,4.491
1784,4.705
1785,4.354
1786,5.208
1787,4.981
1788,4.210
1789,4.394
1790,4.430
1791,3.915
1792,3.642
1793,3.658
1794,3.472
1795,3.214
1796,3.259
1797,3.386
1798,3.363
1799,3.497
1800,4.012
1801,4.285
1802,4.356
1803,4.996
1804,5.345
1805,5.586
1806,5.562
1807,5.522
1808,5.679
1809,5.254
1810,5.613
1811,5.577
1812,5.531
1813,5.045
1814,4.660
1815,4.811
1816,4.793
1817,4.451
1818,4.414
1819,4.619
1820,4.648
1821,4.523
1822,4.748
1823,5.515
1824,6.288
1825,6.925
1826,8.190
1827,7.966
1828,8.555
1829,8.109
1830,8.719
1831,8.517
1832,7.723
1833,7.465
1834,6.889
1835,5.997
1836,6.250
1837,6.714
1838,6.384
1839,6.937
1840,6.353
1841,6.930
1842,6.977
1843,7.425
1844,8.128
1845,7.821
1846,6.987
1847,6.323
1848,5.852
1849,5.669
1850,4.816
1851,5.047
1852,4.357
1853,3.991
1854,4.303
1855,4.279
1856,3.966
1857,4.201
1858,4.442
1859,4.361
1860,4.467
1861,4.894
1862,4.872
1863,5.355
1864,4.853
1865,3.912
1866,3.683
1867,3.553
1868,3.150
1869,3.182
1870,3.478
1871,3.342
1872,3.057
1873,3.383
1874,3.704
1875,3.555
1876,3.563
1877,4.010
1878,4.253
1879,4.240
1880,4.726
1881,5.589
1882,6.833
